"가정별","성별","연령별",1960,1961,1962,1963,1964,1965,1966,1967,1968,1969,1970,1971,1972,1973,1974,1975,1976,1977,1978,1979,1980,1981,1982,1983,1984,1985,1986,1987,1988,1989,1990,1991,1992,1993,1994,1995,1996,1997,1998,1999,2000,2001,2002,2003,2004,2005,2006,2007,2008,2009,2010,2011,2012,2013,2014,2015,2016,2017,2018,2019,2020,2021,2022,2023
"중위 추계(기본 추계: 출산율-중위 / 기대수명-중위 / 국제순이동-중위)","전체","계",25012374,25765673,26513030,27261747,27984155,28704674,29435571,30130983,30838302,31544266,32240827,32882704,33505406,34103149,34692266,35280725,35848523,36411795,36969185,37534236,38123775,38723248,39326352,39910403,40405956,40805744,41213674,41621690,42031247,42449038,42869283,43295704,43747962,44194628,44641540,45092991,45524681,45953580,46286503,46616677,47008111,47370164,47644736,47892330,48082519,48184561,48438292,48683638,49054708,49307835,49554112,49936638,50199853,50428893,50746659,51014947,51217803,51361911,51585058,51764822,51836239,51769539,51672569,51712619
"중위 추계(기본 추계: 출산율-중위 / 기대수명-중위 / 국제순이동-중위)","전체","0 - 4세",4590812,4729444,4824275,4855180,4797702,4710919,4662734,4621997,4581311,4562049,4548177,4619581,4675505,4695313,4689282,4541059,4380101,4222842,4107110,4025181,4033727,4075892,4112359,4119715,4013144,3845533,3664739,3469862,3330753,3277842,3203203,3238866,3316174,3403133,3483283,3545704,3559073,3524075,3452808,3349173,3259783,3162858,3006361,2843122,2699556,2524288,2359807,2298242,2301398,2273634,2271803,2315573,2330921,2309327,2295016,2290097,2240110,2151219,2038736,1930344,1776616,1618830,1494041,1387730
"중위 추계(기본 추계: 출산율-중위 / 기대수명-중위 / 국제순이동-중위)","전체","5 - 9세",3350533,3600742,3829857,4100606,4358095,4550019,4686035,4783612,4812868,4745919,4629882,4524871,4457446,4413524,4422587,4478159,4540577,4611679,4626835,4584686,4458426,4316638,4168352,4056805,3990530,3967667,4017250,4083227,4109267,4021803,3843481,3644652,3440905,3281101,3191664,3166753,3188482,3269997,3367330,3459152,3521464,3533008,3494260,3416386,3321422,3233565,3136070,2976622,2809151,2671496,2497927,2336396,2276951,2279822,2252502,2251100,2297146,2308987,2288927,2276175,2278285,2231797,2142084,2027744
"중위 추계(기본 추계: 출산율-중위 / 기대수명-중위 / 국제순이동-중위)","전체","10 - 14세",2646238,2734833,2818491,2894588,3059841,3316802,3567290,3793884,4065204,4330264,4531308,4619637,4725521,4740548,4678202,4595185,4514152,4438586,4382084,4395448,4458622,4532506,4605889,4624448,4588086,4491342,4347844,4193288,4047425,3961486,3926908,3975202,4034347,4050294,3978499,3824371,3655722,3439030,3271379,3164569,3129982,3156586,3231727,3325398,3409535,3465407,3483708,3439518,3368274,3284134,3209709,3119491,2969359,2803088,2666175,2488686,2327307,2264077,2267391,2241561,2250969,2297714,2311839,2289761
"중위 추계(기본 추계: 출산율-중위 / 기대수명-중위 / 국제순이동-중위)","전체","15 - 19세",2418444,2385695,2406634,2480480,2538928,2608078,2697527,2782684,2858382,3016634,3269356,3499916,3723447,3960106,4174551,4334269,4455008,4546786,4604018,4587525,4519689,4411934,4331102,4304820,4339154,4407777,4481930,4549972,4581350,4550521,4442014,4297041,4138758,3996579,3909674,3896948,3953516,4031766,4060624,3999155,3842432,3615529,3391243,3216920,3108835,3080061,3103285,3184001,3282024,3368818,3428793,3468536,3435576,3373050,3289729,3222268,3132204,2982455,2820005,2685976,2518218,2345886,2287873,2301077
"중위 추계(기본 추계: 출산율-중위 / 기대수명-중위 / 국제순이동-중위)","전체","20 - 24세",2322705,2364469,2396924,2391964,2391559,2375793,2345065,2367660,2442257,2502316,2569044,2640975,2729488,2780387,2874517,3074414,3336525,3544548,3743774,3936519,4093407,4264325,4370369,4393485,4347506,4274337,4245645,4207912,4177568,4208326,4342407,4429021,4504498,4531297,4491139,4391626,4247453,4077566,3938084,3853441,3854382,3933235,4011329,4045569,3970573,3788780,3587201,3380558,3226850,3153001,3139049,3175673,3268949,3370906,3457405,3511968,3559849,3529657,3498197,3439052,3392351,3278327,3105237,2953664
"중위 추계(기본 추계: 출산율-중위 / 기대수명-중위 / 국제순이동-중위)","전체","25 - 29세",1933080,2028591,2117003,2198636,2248720,2278869,2318981,2352602,2349726,2350851,2335969,2297759,2309954,2378425,2458215,2535266,2588407,2647963,2727306,2862241,3072797,3299851,3499449,3713565,3917373,4097891,4206166,4291592,4346783,4342301,4326749,4264005,4216818,4203646,4237069,4300710,4344493,4424219,4441047,4418353,4352913,4224596,4064589,3941430,3853273,3843827,3927136,4018371,4056267,4001090,3834105,3664802,3464864,3315255,3259130,3269454,3279811,3368161,3493062,3587776,3645542,3675202,3628784,3594717
"중위 추계(기본 추계: 출산율-중위 / 기대수명-중위 / 국제순이동-중위)","전체","30 - 34세",1556328,1609631,1668138,1737520,1809800,1897676,1994345,2080356,2157800,2206952,2237747,2268991,2306035,2296469,2277514,2245682,2236634,2278218,2355958,2446500,2525214,2595896,2682293,2787668,2937236,3089272,3344633,3529362,3756309,3966001,4134702,4259036,4345014,4376728,4353044,4296721,4257500,4212189,4162297,4181625,4247992,4332087,4421320,4473012,4450632,4360436,4226271,4078911,3954807,3856438,3877784,3967427,4058688,4086255,4045454,3871602,3688255,3491542,3360617,3306462,3307803,3306451,3390434,3524540
"중위 추계(기본 추계: 출산율-중위 / 기대수명-중위 / 국제순이동-중위)","전체","35 - 39세",1370125,1378285,1393159,1411114,1461341,1503227,1558304,1624748,1702174,1777460,1866982,1948564,2029069,2108309,2166022,2209126,2251043,2293446,2310640,2300125,2279565,2269264,2298095,2369242,2462888,2552192,2564329,2647684,2703254,2805972,3042329,3273671,3489073,3712065,3924912,4092051,4204082,4312799,4357948,4324945,4273079,4228965,4187506,4154850,4216022,4267337,4361921,4449040,4509979,4466962,4387036,4241327,4087693,3949716,3854386,3892100,3964685,4054300,4095610,4051769,3866979,3683026,3482511,3349843
"중위 추계(기본 추계: 출산율-중위 / 기대수명-중위 / 국제순이동-중위)","전체","40 - 44세",1125034,1153393,1192402,1245123,1285534,1318905,1328372,1345172,1366081,1420672,1467129,1518568,1575198,1642717,1720007,1820221,1913806,1995036,2069345,2132768,2178570,2226462,2274207,2289040,2276724,2262901,2259794,2282293,2337657,2419171,2477748,2545795,2608361,2676856,2796727,2995391,3217477,3405223,3625438,3860167,4020438,4155285,4271265,4342326,4312441,4248300,4184030,4156757,4135275,4244225,4306370,4409021,4483989,4527975,4479628,4398381,4230029,4078404,3951400,3847859,3872171,3944406,4035019,4066215
"중위 추계(기본 추계: 출산율-중위 / 기대수명-중위 / 국제순이동-중위)","전체","45 - 49세",979930,1001234,1018295,1028448,1042490,1067093,1098163,1139852,1197933,1239082,1271554,1288932,1295548,1314772,1352755,1398399,1448885,1512900,1583123,1659875,1756088,1851271,1928379,2001786,2066471,2119340,2166942,2211518,2230327,2219245,2166709,2155466,2180285,2246633,2335451,2418904,2478292,2553587,2613214,2716095,2921443,3160621,3346133,3569142,3802111,3958097,4139484,4248784,4354664,4321262,4271709,4191090,4173386,4125313,4295086,4354036,4441770,4506942,4553179,4487622,4385732,4213912,4061992,3926944
"중위 추계(기본 추계: 출산율-중위 / 기대수명-중위 / 국제순이동-중위)","전체","50 - 54세",845256,862029,886427,899002,897329,909012,933841,955066,964239,978427,1017150,1041058,1071643,1122447,1169097,1202947,1224803,1243071,1261600,1289291,1324926,1376616,1444187,1517874,1600217,1686760,1772028,1852866,1927566,1994986,2021714,2066185,2111226,2126067,2111389,2090711,2074866,2103395,2173953,2270251,2365862,2427537,2505591,2568222,2664066,2861891,3106401,3287112,3524016,3761143,3934363,4163908,4263019,4364665,4334785,4289039,4170297,4163840,4122273,4297890,4338269,4425748,4489552,4525612
"중위 추계(기본 추계: 출산율-중위 / 기대수명-중위 / 국제순이동-중위)","전체","55 - 59세",628974,630604,640591,677339,726011,756811,778738,802670,821228,830540,846448,874484,872562,874616,890487,919381,951865,993395,1047164,1097369,1130835,1144240,1159080,1181647,1215411,1258578,1306470,1369732,1441506,1516598,1589504,1674389,1749203,1820265,1881895,1927926,1961234,2011322,2029040,2016474,2006389,2008937,2041047,2105442,2196938,2285610,2363424,2441497,2518813,2611705,2817315,3065255,3241925,3457310,3699016,3884217,4134915,4225899,4340508,4295393,4237067,4113626,4113957,4070751
"중위 추계(기본 추계: 출산율-중위 / 기대수명-중위 / 국제순이동-중위)","전체","60 - 64세",518465,535842,538118,525579,521670,530387,539542,552756,586162,634557,658773,684845,689332,698262,698520,709170,744604,773967,793066,811766,835876,860174,893176,935774,977601,1010305,1035168,1055954,1079622,1111801,1156731,1205934,1267444,1332971,1404302,1488523,1587609,1659101,1724288,1779701,1817056,1859995,1915420,1950647,1946812,1946175,1933740,1963549,2024598,2117041,2212040,2302960,2377804,2443552,2541221,2750831,2994342,3170368,3389068,3627949,3814370,4064749,4148113,4258205
"중위 추계(기본 추계: 출산율-중위 / 기대수명-중위 / 국제순이동-중위)","전체","65 - 69세",345675,344564,360707,386169,390534,403947,425836,434477,428329,428822,428725,467031,455436,476567,511455,538406,557018,577862,596346,608411,623957,640668,658652,674263,690739,712208,739370,774362,816658,866053,900851,919104,938875,965304,1002718,1048214,1100172,1164709,1229902,1298093,1381212,1461093,1528114,1592234,1649747,1689609,1734658,1804867,1866427,1870279,1878314,1846336,1874691,1914508,2005729,2105631,2210004,2286519,2356588,2448622,2662232,2894911,3063850,3274183
"중위 추계(기본 추계: 출산율-중위 / 기대수명-중위 / 국제순이동-중위)","전체","70 - 74세",210394,224438,227011,223091,235616,245292,260200,257088,268120,278900,311808,321793,318364,316993,310619,335061,345540,357675,378315,405381,425995,441394,459713,475169,489218,506353,517741,535655,553867,570640,598852,619032,649470,690656,733184,766793,788665,813599,842637,881165,922213,963947,1023257,1081502,1140499,1214841,1294801,1362205,1426335,1492503,1539637,1587018,1674052,1754449,1763752,1779544,1729122,1756800,1795390,1886106,1990347,2090525,2164766,2234677
"중위 추계(기본 추계: 출산율-중위 / 기대수명-중위 / 국제순이동-중위)","전체","75 - 79세",111199,116485,126531,134787,143397,151950,157264,150598,145121,145016,149850,162497,164326,172242,181623,205140,215892,223076,223042,221813,227859,235639,254134,270403,288285,308108,317362,328409,341072,353200,393129,411385,425260,432880,441816,459426,484221,509498,540375,576492,608084,629856,654403,678767,713772,751853,791754,844714,898014,954171,1025532,1101326,1167399,1228474,1298398,1350503,1400166,1494315,1579149,1589635,1608464,1567444,1596539,1637098
"중위 추계(기본 추계: 출산율-중위 / 기대수명-중위 / 국제순이동-중위)","전체","80세이상",59182,65394,68467,72121,75588,79894,83334,85761,91367,95805,100925,103202,106532,111452,116813,138840,143663,150745,159459,169337,178222,180478,186916,194699,205373,215180,226263,238002,250263,263092,302252,316920,332251,348153,364774,382219,421824,441505,456139,467826,483387,516029,551171,587361,626285,664484,704601,748890,797816,859933,922626,980499,1050587,1125228,1209247,1305490,1417791,1528426,1634958,1764631,1890824,2016985,2155978,2289858
"중위 추계(기본 추계: 출산율-중위 / 기대수명-중위 / 국제순이동-중위)","전체","80 - 84세",-,-,-,-,-,-,-,-,-,-,-,-,-,-,-,-,-,-,-,-,-,-,-,-,-,-,-,-,-,-,-,-,-,-,-,-,-,-,-,-,310114,329611,350265,375966,404920,429246,448312,470006,492598,528386,565597,599815,643644,687406,733018,793916,867222,930279,987409,1055839,1109242,1157812,1238755,1311746
"중위 추계(기본 추계: 출산율-중위 / 기대수명-중위 / 국제순이동-중위)","전체","85 - 89세",-,-,-,-,-,-,-,-,-,-,-,-,-,-,-,-,-,-,-,-,-,-,-,-,-,-,-,-,-,-,-,-,-,-,-,-,-,-,-,-,128397,138867,150508,158543,165287,173940,188510,203971,224477,244803,261945,275332,290468,305257,335355,363551,391295,425167,458588,497418,548700,605532,646358,685925
"중위 추계(기본 추계: 출산율-중위 / 기대수명-중위 / 국제순이동-중위)","전체","90 - 94세",-,-,-,-,-,-,-,-,-,-,-,-,-,-,-,-,-,-,-,-,-,-,-,-,-,-,-,-,-,-,-,-,-,-,-,-,-,-,-,-,37139,39163,41466,43367,46025,50264,56026,62191,67293,71866,77964,86046,95044,109626,116393,120958,128909,138080,147576,168248,187321,203889,218926,235791
"중위 추계(기본 추계: 출산율-중위 / 기대수명-중위 / 국제순이동-중위)","전체","95 - 99세",-,-,-,-,-,-,-,-,-,-,-,-,-,-,-,-,-,-,-,-,-,-,-,-,-,-,-,-,-,-,-,-,-,-,-,-,-,-,-,-,6758,7294,7704,8184,8700,9516,10113,10958,11541,12800,14866,16966,18920,20321,21645,23923,26886,31033,37233,38355,40208,43381,45030,48645
"중위 추계(기본 추계: 출산율-중위 / 기대수명-중위 / 국제순이동-중위)","전체","100세 이상",-,-,-,-,-,-,-,-,-,-,-,-,-,-,-,-,-,-,-,-,-,-,-,-,-,-,-,-,-,-,-,-,-,-,-,-,-,-,-,-,979,1094,1228,1301,1353,1518,1640,1764,1907,2078,2254,2340,2511,2618,2836,3142,3479,3867,4152,4771,5353,6371,6909,7751
"중위 추계(기본 추계: 출산율-중위 / 기대수명-중위 / 국제순이동-중위)","남자","계",12550691,12936583,13320983,13708120,14081950,14452831,14829861,15205393,15576098,15940965,16308607,16648884,16955438,17234877,17514223,17765828,18058503,18349416,18637254,18929361,19235736,19535680,19837392,20129120,20375175,20575600,20771997,20959980,21155226,21357389,21568181,21783914,22013655,22242554,22472496,22705329,22924512,23148092,23295727,23457837,23666769,23854971,23991377,24120872,24210740,24243234,24369561,24491190,24671648,24774341,24881114,25069867,25187380,25285319,25445077,25585894,25670949,25736793,25857689,25948706,25925697,25870941,25818686,25859888
"중위 추계(기본 추계: 출산율-중위 / 기대수명-중위 / 국제순이동-중위)","남자","0 - 4세",2383544,2452879,2500793,2516739,2487244,2441718,2419344,2402855,2378659,2363493,2362393,2412538,2447126,2458932,2455536,2373560,2277734,2189998,2122886,2081358,2087411,2109966,2129549,2136203,2084255,1995049,1908721,1806973,1741382,1722889,1687147,1711889,1760364,1812752,1859029,1893876,1895407,1872827,1829498,1766586,1716148,1658958,1573834,1488560,1409160,1315045,1227097,1192170,1191039,1174722,1172828,1193656,1200629,1188302,1179604,1175609,1148547,1102364,1045183,989933,911251,830797,766227,711053
"중위 추계(기본 추계: 출산율-중위 / 기대수명-중위 / 국제순이동-중위)","남자","5 - 9세",1733443,1864580,1983775,2125558,2260781,2360217,2428011,2477814,2493776,2460340,2400902,2351739,2317049,2289895,2289501,2319163,2357566,2395908,2408848,2383807,2314435,2229556,2153742,2096080,2060357,2046870,2073931,2109423,2123004,2078155,1991341,1892414,1790092,1711765,1671042,1664291,1689685,1736754,1792374,1842718,1877208,1881924,1858210,1808293,1752569,1698879,1641923,1556291,1468935,1393600,1300568,1214418,1180798,1179593,1163582,1161732,1183575,1188607,1176909,1169113,1168681,1143757,1097221,1039269
"중위 추계(기본 추계: 출산율-중위 / 기대수명-중위 / 국제순이동-중위)","남자","10 - 14세",1358903,1402613,1448949,1492698,1579817,1714064,1845446,1963670,2105819,2245241,2349947,2396532,2451025,2460133,2429491,2384577,2342590,2302362,2269220,2273652,2305805,2342517,2378037,2386003,2366607,2316422,2243103,2163735,2088582,2043883,2029056,2052888,2082673,2090973,2055540,1978698,1899255,1793390,1711884,1662899,1651269,1671109,1714089,1767832,1813909,1844524,1853437,1826108,1779836,1729504,1682748,1630159,1550478,1464013,1389826,1294946,1209141,1173575,1172580,1157242,1161061,1183139,1189663,1176998
"중위 추계(기본 추계: 출산율-중위 / 기대수명-중위 / 국제순이동-중위)","남자","15 - 19세",1248858,1240278,1255899,1290756,1309266,1336648,1380929,1428209,1471923,1556114,1688217,1809311,1926265,2046212,2157237,2240011,2301340,2350952,2384182,2378013,2343977,2286198,2242817,2226838,2240935,2272313,2308439,2342692,2358183,2341468,2289382,2215342,2134720,2062442,2017721,2010189,2030805,2070863,2088473,2062556,1987021,1876518,1765454,1680219,1630004,1621106,1637309,1683355,1740377,1788329,1821378,1842937,1821485,1779769,1728466,1684718,1632747,1554471,1470638,1397832,1307326,1216428,1183580,1188393
"중위 추계(기본 추계: 출산율-중위 / 기대수명-중위 / 국제순이동-중위)","남자","20 - 24세",1171363,1188724,1204229,1204791,1217465,1224348,1216523,1233220,1268677,1288141,1314867,1349350,1397225,1421584,1468221,1570423,1711349,1814081,1903754,1992601,2078090,2180617,2235847,2244086,2218868,2185328,2179523,2161770,2144822,2160951,2237534,2282016,2319533,2331611,2310177,2259595,2194125,2111495,2034268,1992175,1989852,2025970,2066245,2087878,2056353,1969021,1874314,1772836,1695754,1658347,1654707,1678222,1734689,1794501,1844096,1877884,1903218,1882066,1860305,1823024,1779560,1711404,1620461,1548436
"중위 추계(기본 추계: 출산율-중위 / 기대수명-중위 / 국제순이동-중위)","남자","25 - 29세",960543,1017695,1065655,1107810,1134420,1145871,1163475,1182153,1185423,1199511,1207106,1193169,1194881,1223388,1257320,1289827,1317288,1354062,1407774,1485232,1584377,1692645,1790014,1893189,1992653,2092942,2140451,2184804,2215868,2215298,2222615,2189388,2165343,2159527,2177475,2210162,2222172,2258208,2261150,2252178,2232158,2179040,2098801,2036930,1992129,1981697,2024586,2073207,2096715,2071602,1989754,1909497,1808875,1734720,1714497,1730403,1739228,1791765,1868033,1924269,1949923,1962374,1933726,1915057
"중위 추계(기본 추계: 출산율-중위 / 기대수명-중위 / 국제순이동-중위)","남자","30 - 34세",738376,765035,793285,836659,882373,935819,992511,1042065,1086199,1115419,1129990,1148290,1166998,1162405,1154727,1137048,1140414,1169762,1215645,1270576,1320116,1353919,1398963,1460106,1540638,1626661,1726765,1810698,1921027,2023780,2123583,2187801,2232004,2247695,2234505,2204571,2187039,2172352,2148305,2150092,2176913,2213068,2255001,2285705,2279293,2240142,2180616,2109088,2045263,1992214,2000527,2049481,2094985,2111042,2096735,2015092,1922760,1825165,1764834,1743237,1745712,1745107,1796779,1883794
"중위 추계(기본 추계: 출산율-중위 / 기대수명-중위 / 국제순이동-중위)","남자","35 - 39세",682686,676712,679243,680161,698422,714200,741232,771926,817300,864561,920441,971765,1020101,1066617,1100456,1123445,1144977,1166571,1177062,1174643,1168846,1170953,1192121,1232128,1282221,1314595,1341391,1383009,1406584,1453648,1562784,1679109,1787559,1900657,2009543,2095913,2148707,2198346,2210902,2199114,2180572,2166558,2153573,2142489,2166489,2184835,2228330,2273836,2309682,2289453,2252710,2181088,2101052,2028863,1982864,2004556,2044466,2089929,2114600,2095902,1999740,1907424,1808706,1750443
"중위 추계(기본 추계: 출산율-중위 / 기대수명-중위 / 국제순이동-중위)","남자","40 - 44세",570525,584734,603816,627309,642039,652785,648791,653268,656236,676632,695800,718462,743874,781933,828202,887724,949159,1002288,1047568,1083740,1110891,1137936,1163656,1172788,1168830,1165918,1165761,1176211,1201983,1241917,1268797,1301987,1332496,1366473,1426899,1527547,1641684,1742628,1853383,1964249,2045158,2113646,2169132,2201473,2192667,2165148,2139138,2130204,2117845,2164790,2192383,2240870,2279295,2305325,2286346,2248961,2160777,2083256,2021308,1970422,1979773,2020470,2067075,2087030
"중위 추계(기본 추계: 출산율-중위 / 기대수명-중위 / 국제순이동-중위)","남자","45 - 49세",485198,496049,504656,510900,522679,535956,551738,572071,598864,614673,623917,626273,622886,623922,635119,650006,670994,704404,747213,797311,859667,919177,965593,1007134,1043789,1073822,1099493,1123269,1132978,1127174,1100340,1095429,1107613,1140436,1184655,1225938,1266396,1301587,1330322,1383436,1483122,1598458,1697943,1812161,1924199,2000124,2089417,2142938,2196142,2184842,2166821,2133627,2124531,2089888,2169125,2199587,2241597,2278705,2308830,2280977,2225868,2138197,2061862,1995415
"중위 추계(기본 추계: 출산율-중위 / 기대수명-중위 / 국제순이동-중위)","남자","50 - 54세",408634,418520,432218,439228,436407,443633,456513,466761,472555,482998,504235,514448,528379,550741,569661,580476,584284,585688,587255,594640,607140,630060,666215,710345,760825,814133,863615,911411,957429,997839,1001442,1024861,1049469,1058595,1053212,1045400,1040241,1060928,1099849,1149801,1194103,1224816,1261221,1292202,1341081,1436212,1554676,1648729,1770211,1887016,1972536,2085550,2136013,2190098,2180821,2165419,2112259,2107628,2075419,2159754,2177535,2221205,2258061,2281401
"중위 추계(기본 추계: 출산율-중위 / 기대수명-중위 / 국제순이동-중위)","남자","55 - 59세",289392,292521,298221,316997,341962,358167,370877,382888,391433,395092,403184,416503,413697,413557,421197,435319,452778,473166,498041,518057,528205,529106,530231,535138,546814,564617,586187,618856,657283,698631,739200,788855,832888,873455,907157,932110,947145,970309,980344,979909,981156,990089,1012176,1047715,1095353,1136993,1174921,1212829,1251007,1297637,1397202,1519137,1608745,1719950,1841582,1932408,2054239,2102223,2164174,2147149,2121562,2068337,2068112,2034448
"중위 추계(기본 추계: 출산율-중위 / 기대수명-중위 / 국제순이동-중위)","남자","60 - 64세",230431,239434,241992,237584,237198,236043,242419,248040,263762,287157,299491,312145,313400,317671,317665,320952,336620,349839,359231,369793,382208,391953,405033,421952,437544,449283,456346,460271,465153,475876,493103,515094,545528,581164,622405,670698,719920,763853,799938,828732,852303,875583,901451,920359,923453,928692,930455,951179,986275,1035802,1083119,1126838,1164089,1195750,1243960,1345931,1466124,1554982,1668124,1787518,1876783,1999375,2042614,2101922
"중위 추계(기본 추계: 출산율-중위 / 기대수명-중위 / 국제순이동-중위)","남자","65 - 69세",141661,141887,148284,158662,160834,174264,184531,188260,185683,186153,178840,196448,188800,197881,214018,225695,233858,243781,251992,256937,263454,271107,279657,287396,294903,303471,314236,328403,346607,367064,375468,379487,384640,393008,406538,424965,449576,477897,512154,551423,595086,637330,676884,711353,740526,764040,788456,822884,855346,861451,871002,863928,883241,908072,958234,1009632,1059400,1098706,1132243,1177211,1280138,1394231,1478069,1584823
"중위 추계(기본 추계: 출산율-중위 / 기대수명-중위 / 국제순이동-중위)","남자","70 - 74세",80707,84914,86420,85583,91624,96350,101220,106623,114381,117573,139249,136981,130081,123544,117351,121921,128280,133976,142897,154087,162400,168560,175629,181807,188216,197029,201682,208766,215339,222274,234292,242700,254547,269882,285254,297065,305777,313712,323974,337200,353411,371625,396315,425721,457420,494667,534440,571360,604560,637772,664268,689761,733285,775208,783053,796175,780645,800334,825893,876494,928928,975339,1012668,1045428
"중위 추계(기본 추계: 출산율-중위 / 기대수명-중위 / 국제순이동-중위)","남자","75 - 79세",45335,47111,49893,51682,53175,55662,57915,56172,53518,54878,56261,60229,58837,60479,62222,68485,71525,73696,72632,71238,73846,76421,83840,89588,96046,103369,105534,109645,115578,119565,132365,140919,146260,149838,154503,162677,171472,181842,192944,204497,215420,224127,232732,241516,252637,265655,281091,301667,326089,353244,386793,422066,454917,485151,518840,546349,573514,620799,663906,672113,685809,675869,696606,722713
"중위 추계(기본 추계: 출산율-중위 / 기대수명-중위 / 국제순이동-중위)","남자","80세이상",21092,22897,23655,25003,26244,27086,28386,29398,31890,32989,33767,34701,34814,35983,36299,37196,37747,38882,41054,43676,44868,44989,46448,48339,51674,53778,56819,60044,63424,66977,79732,83735,87926,92281,96841,101634,115106,121101,125965,130272,135869,146152,158316,170466,183498,196454,209355,222509,236572,254016,271770,288632,310273,335074,363446,396492,438712,482218,524710,576516,626047,677488,737256,793265
"중위 추계(기본 추계: 출산율-중위 / 기대수명-중위 / 국제순이동-중위)","남자","80 - 84세",-,-,-,-,-,-,-,-,-,-,-,-,-,-,-,-,-,-,-,-,-,-,-,-,-,-,-,-,-,-,-,-,-,-,-,-,-,-,-,-,95912,102574,110728,119483,128928,137401,144246,150705,157822,167548,178050,189129,204670,222240,241136,266996,299295,328523,355506,387167,412934,438090,476263,510831
"중위 추계(기본 추계: 출산율-중위 / 기대수명-중위 / 국제순이동-중위)","남자","85 - 89세",-,-,-,-,-,-,-,-,-,-,-,-,-,-,-,-,-,-,-,-,-,-,-,-,-,-,-,-,-,-,-,-,-,-,-,-,-,-,-,-,31792,34821,38111,40967,43798,46981,51536,56685,61896,67954,72981,76453,79849,83433,90390,96002,104270,115958,128236,143004,162714,184329,201240,217654
"중위 추계(기본 추계: 출산율-중위 / 기대수명-중위 / 국제순이동-중위)","남자","90 - 94세",-,-,-,-,-,-,-,-,-,-,-,-,-,-,-,-,-,-,-,-,-,-,-,-,-,-,-,-,-,-,-,-,-,-,-,-,-,-,-,-,7115,7634,8266,8674,9341,10493,11788,13145,14740,16099,17855,19834,22157,25415,27414,28260,29319,30906,32865,37779,41611,45872,50323,54970
"중위 추계(기본 추계: 출산율-중위 / 기대수명-중위 / 국제순이동-중위)","남자","95 - 99세",-,-,-,-,-,-,-,-,-,-,-,-,-,-,-,-,-,-,-,-,-,-,-,-,-,-,-,-,-,-,-,-,-,-,-,-,-,-,-,-,966,1026,1092,1205,1287,1411,1607,1784,1908,2178,2615,2917,3268,3632,4108,4790,5352,6289,7505,7776,7927,8158,8291,8601
"중위 추계(기본 추계: 출산율-중위 / 기대수명-중위 / 국제순이동-중위)","남자","100세 이상",-,-,-,-,-,-,-,-,-,-,-,-,-,-,-,-,-,-,-,-,-,-,-,-,-,-,-,-,-,-,-,-,-,-,-,-,-,-,-,-,84,97,119,137,144,168,178,190,206,237,269,299,329,354,398,444,476,542,598,790,861,1039,1139,1209
"중위 추계(기본 추계: 출산율-중위 / 기대수명-중위 / 국제순이동-중위)","여자","계",12461683,12829090,13192047,13553627,13902205,14251843,14605710,14925590,15262204,15603301,15932220,16233820,16549968,16868272,17178043,17514897,17790020,18062379,18331931,18604875,18888039,19187568,19488960,19781283,20030781,20230144,20441677,20661710,20876021,21091649,21301102,21511790,21734307,21952074,22169044,22387662,22600169,22805488,22990776,23158840,23341342,23515193,23653359,23771458,23871779,23941327,24068731,24192448,24383060,24533494,24672998,24866771,25012473,25143574,25301582,25429053,25546854,25625118,25727369,25816116,25910542,25898598,25853883,25852731
"중위 추계(기본 추계: 출산율-중위 / 기대수명-중위 / 국제순이동-중위)","여자","0 - 4세",2207268,2276565,2323482,2338441,2310458,2269201,2243390,2219142,2202652,2198556,2185784,2207043,2228379,2236381,2233746,2167499,2102367,2032844,1984224,1943823,1946316,1965926,1982810,1983512,1928889,1850484,1756018,1662889,1589371,1554953,1516056,1526977,1555810,1590381,1624254,1651828,1663666,1651248,1623310,1582587,1543635,1503900,1432527,1354562,1290396,1209243,1132710,1106072,1110359,1098912,1098975,1121917,1130292,1121025,1115412,1114488,1091563,1048855,993553,940411,865365,788033,727814,676677
"중위 추계(기본 추계: 출산율-중위 / 기대수명-중위 / 국제순이동-중위)","여자","5 - 9세",1617090,1736162,1846082,1975048,2097314,2189802,2258024,2305798,2319092,2285579,2228980,2173132,2140397,2123629,2133086,2158996,2183011,2215771,2217987,2200879,2143991,2087082,2014610,1960725,1930173,1920797,1943319,1973804,1986263,1943648,1852140,1752238,1650813,1569336,1520622,1502462,1498797,1533243,1574956,1616434,1644256,1651084,1636050,1608093,1568853,1534686,1494147,1420331,1340216,1277896,1197359,1121978,1096153,1100229,1088920,1089368,1113571,1120380,1112018,1107062,1109604,1088040,1044863,988475
"중위 추계(기본 추계: 출산율-중위 / 기대수명-중위 / 국제순이동-중위)","여자","10 - 14세",1287335,1332220,1369542,1401890,1480024,1602738,1721844,1830214,1959385,2085023,2181361,2223105,2274496,2280415,2248711,2210608,2171562,2136224,2112864,2121796,2152817,2189989,2227852,2238445,2221479,2174920,2104741,2029553,1958843,1917603,1897852,1922314,1951674,1959321,1922959,1845673,1756467,1645640,1559495,1501670,1478713,1485477,1517638,1557566,1595626,1620883,1630271,1613410,1588438,1554630,1526961,1489332,1418881,1339075,1276349,1193740,1118166,1090502,1094811,1084319,1089908,1114575,1122176,1112763
"중위 추계(기본 추계: 출산율-중위 / 기대수명-중위 / 국제순이동-중위)","여자","15 - 19세",1169586,1145417,1150735,1189724,1229662,1271430,1316598,1354475,1386459,1460520,1581139,1690605,1797182,1913894,2017314,2094258,2153668,2195834,2219836,2209512,2175712,2125736,2088285,2077982,2098219,2135464,2173491,2207280,2223167,2209053,2152632,2081699,2004038,1934137,1891953,1886759,1922711,1960903,1972151,1936599,1855411,1739011,1625789,1536701,1478831,1458955,1465976,1500646,1541647,1580489,1607415,1625599,1614091,1593281,1561263,1537550,1499457,1427984,1349367,1288144,1210892,1129458,1104293,1112684
"중위 추계(기본 추계: 출산율-중위 / 기대수명-중위 / 국제순이동-중위)","여자","20 - 24세",1151342,1175745,1192695,1187173,1174094,1151445,1128542,1134440,1173580,1214175,1254177,1291625,1332263,1358803,1406296,1503991,1625176,1730467,1840020,1943918,2015317,2083708,2134522,2149399,2128638,2089009,2066122,2046142,2032746,2047375,2104873,2147005,2184965,2199686,2180962,2132031,2053328,1966071,1903816,1861266,1864530,1907265,1945084,1957691,1914220,1819759,1712887,1607722,1531096,1494654,1484342,1497451,1534260,1576405,1613309,1634084,1656631,1647591,1637892,1616028,1612791,1566923,1484776,1405228
"중위 추계(기본 추계: 출산율-중위 / 기대수명-중위 / 국제순이동-중위)","여자","25 - 29세",972537,1010896,1051348,1090826,1114300,1132998,1155506,1170449,1164303,1151340,1128863,1104590,1115073,1155037,1200895,1245439,1271119,1293901,1319532,1377009,1488420,1607206,1709435,1820376,1924720,2004949,2065715,2106788,2130915,2127003,2104134,2074617,2051475,2044119,2059594,2090548,2122321,2166011,2179897,2166175,2120755,2045556,1965788,1904500,1861144,1862130,1902550,1945164,1959552,1929488,1844351,1755305,1655989,1580535,1544633,1539051,1540583,1576396,1625029,1663507,1695619,1712828,1695058,1679660
"중위 추계(기본 추계: 출산율-중위 / 기대수명-중위 / 국제순이동-중위)","여자","30 - 34세",817952,844596,874853,900861,927427,961857,1001834,1038291,1071601,1091533,1107757,1120701,1139037,1134064,1122787,1108634,1096220,1108456,1140313,1175924,1205098,1241977,1283330,1327562,1396598,1462611,1617868,1718664,1835282,1942221,2011119,2071235,2113010,2129033,2118539,2092150,2070461,2039837,2013992,2031533,2071079,2119019,2166319,2187307,2171339,2120294,2045655,1969823,1909544,1864224,1877257,1917946,1963703,1975213,1948719,1856510,1765495,1666377,1595783,1563225,1562091,1561344,1593655,1640746
"중위 추계(기본 추계: 출산율-중위 / 기대수명-중위 / 국제순이동-중위)","여자","35 - 39세",687439,701573,713916,730953,762919,789027,817072,852822,884874,912899,946541,976799,1008968,1041692,1065566,1085681,1106066,1126875,1133578,1125482,1110719,1098311,1105974,1137114,1180667,1237597,1222938,1264675,1296670,1352324,1479545,1594562,1701514,1811408,1915369,1996138,2055375,2114453,2147046,2125831,2092507,2062407,2033933,2012361,2049533,2082502,2133591,2175204,2200297,2177509,2134326,2060239,1986641,1920853,1871522,1887544,1920219,1964371,1981010,1955867,1867239,1775602,1673805,1599400
"중위 추계(기본 추계: 출산율-중위 / 기대수명-중위 / 국제순이동-중위)","여자","40 - 44세",554509,568659,588586,617814,643495,666120,679581,691904,709845,744040,771329,800106,831324,860784,891805,932497,964647,992748,1021777,1049028,1067679,1088526,1110551,1116252,1107894,1096983,1094033,1106082,1135674,1177254,1208951,1243808,1275865,1310383,1369828,1467844,1575793,1662595,1772055,1895918,1975280,2041639,2102133,2140853,2119774,2083152,2044892,2026553,2017430,2079435,2113987,2168151,2204694,2222650,2193282,2149420,2069252,1995148,1930092,1877437,1892398,1923936,1967944,1979185
"중위 추계(기본 추계: 출산율-중위 / 기대수명-중위 / 국제순이동-중위)","여자","45 - 49세",494732,505185,513639,517548,519811,531137,546425,567781,599069,624409,647637,662659,672662,690850,717636,748393,777891,808496,835910,862564,896421,932094,962786,994652,1022682,1045518,1067449,1088249,1097349,1092071,1066369,1060037,1072672,1106197,1150796,1192966,1211896,1252000,1282892,1332659,1438321,1562163,1648190,1756981,1877912,1957973,2050067,2105846,2158522,2136420,2104888,2057463,2048855,2035425,2125961,2154449,2200173,2228237,2244349,2206645,2159864,2075715,2000130,1931529
"중위 추계(기본 추계: 출산율-중위 / 기대수명-중위 / 국제순이동-중위)","여자","50 - 54세",436622,443509,454209,459774,460922,465379,477328,488305,491684,495429,512915,526610,543264,571706,599436,622471,640519,657383,674345,694651,717786,746556,777972,807529,839392,872627,908413,941455,970137,997147,1020272,1041324,1061757,1067472,1058177,1045311,1034625,1042467,1074104,1120450,1171759,1202721,1244370,1276020,1322985,1425679,1551725,1638383,1753805,1874127,1961827,2078358,2127006,2174567,2153964,2123620,2058038,2056212,2046854,2138136,2160734,2204543,2231491,2244211
"중위 추계(기본 추계: 출산율-중위 / 기대수명-중위 / 국제순이동-중위)","여자","55 - 59세",339582,338083,342370,360342,384049,398644,407861,419782,429795,435448,443264,457981,458865,461059,469290,484062,499087,520229,549123,579312,602630,615134,628849,646509,668597,693961,720283,750876,784223,817967,850304,885534,916315,946810,974738,995816,1014089,1041013,1048696,1036565,1025233,1018848,1028871,1057727,1101585,1148617,1188503,1228668,1267806,1314068,1420113,1546118,1633180,1737360,1857434,1951809,2080676,2123676,2176334,2148244,2115505,2045289,2045845,2036303
"중위 추계(기본 추계: 출산율-중위 / 기대수명-중위 / 국제순이동-중위)","여자","60 - 64세",288034,296408,296126,287995,284472,294344,297123,304716,322400,347400,359282,372700,375932,380591,380855,388218,407984,424128,433835,441973,453668,468221,488143,513822,540057,561022,578822,595683,614469,635925,663628,690840,721916,751807,781897,817825,867689,895248,924350,950969,964753,984412,1013969,1030288,1023359,1017483,1003285,1012370,1038323,1081239,1128921,1176122,1213715,1247802,1297261,1404900,1528218,1615386,1720944,1840431,1937587,2065374,2105499,2156283
"중위 추계(기본 추계: 출산율-중위 / 기대수명-중위 / 국제순이동-중위)","여자","65 - 69세",204014,202677,212423,227507,229700,229683,241305,246217,242646,242669,249885,270583,266636,278686,297437,312711,323160,334081,344354,351474,360503,369561,378995,386867,395836,408737,425134,445959,470051,498989,525383,539617,554235,572296,596180,623249,650596,686812,717748,746670,786126,823763,851230,880881,909221,925569,946202,981983,1011081,1008828,1007312,982408,991450,1006436,1047495,1095999,1150604,1187813,1224345,1271411,1382094,1500680,1585781,1689360
"중위 추계(기본 추계: 출산율-중위 / 기대수명-중위 / 국제순이동-중위)","여자","70 - 74세",129687,139524,140591,137508,143992,148942,158980,150465,153739,161327,172559,184812,188283,193449,193268,213140,217260,223699,235418,251294,263595,272834,284084,293362,301002,309324,316059,326889,338528,348366,364560,376332,394923,420774,447930,469728,482888,499887,518663,543965,568802,592322,626942,655781,683079,720174,760361,790845,821775,854731,875369,897257,940767,979241,980699,983369,948477,956466,969497,1009612,1061419,1115186,1152098,1189249
"중위 추계(기본 추계: 출산율-중위 / 기대수명-중위 / 국제순이동-중위)","여자","75 - 79세",65864,69374,76638,83105,90222,96288,99349,94426,91603,90138,93589,102268,105489,111763,119401,136655,144367,149380,150410,150575,154013,159218,170294,180815,192239,204739,211828,218764,225494,233635,260764,270466,279000,283042,287313,296749,312749,327656,347431,371995,392664,405729,421671,437251,461135,486198,510663,543047,571925,600927,638739,679260,712482,743323,779558,804154,826652,873516,915243,917522,922655,891575,899933,914385
"중위 추계(기본 추계: 출산율-중위 / 기대수명-중위 / 국제순이동-중위)","여자","80세이상",38090,42497,44812,47118,49344,52808,54948,56363,59477,62816,67158,68501,71718,75469,80514,101644,105916,111863,118405,125661,133354,135489,140468,146360,153699,161402,169444,177958,186839,196115,222520,233185,244325,255872,267933,280585,306718,320404,330174,337554,347518,369877,392855,416895,442787,468030,495246,526381,561244,605917,650856,691867,740314,790154,845801,908998,979079,1046208,1110248,1188115,1264777,1339497,1418722,1496593
"중위 추계(기본 추계: 출산율-중위 / 기대수명-중위 / 국제순이동-중위)","여자","80 - 84세",-,-,-,-,-,-,-,-,-,-,-,-,-,-,-,-,-,-,-,-,-,-,-,-,-,-,-,-,-,-,-,-,-,-,-,-,-,-,-,-,214202,227037,239537,256483,275992,291845,304066,319301,334776,360838,387547,410686,438974,465166,491882,526920,567927,601756,631903,668672,696308,719722,762492,800915
"중위 추계(기본 추계: 출산율-중위 / 기대수명-중위 / 국제순이동-중위)","여자","85 - 89세",-,-,-,-,-,-,-,-,-,-,-,-,-,-,-,-,-,-,-,-,-,-,-,-,-,-,-,-,-,-,-,-,-,-,-,-,-,-,-,-,96605,104046,112397,117576,121489,126959,136974,147286,162581,176849,188964,198879,210619,221824,244965,267549,287025,309209,330352,354414,385986,421203,445118,468271
"중위 추계(기본 추계: 출산율-중위 / 기대수명-중위 / 국제순이동-중위)","여자","90 - 94세",-,-,-,-,-,-,-,-,-,-,-,-,-,-,-,-,-,-,-,-,-,-,-,-,-,-,-,-,-,-,-,-,-,-,-,-,-,-,-,-,30024,31529,33200,34693,36684,39771,44238,49046,52553,55767,60109,66212,72887,84211,88979,92698,99590,107174,114711,130469,145710,158017,168603,180821
"중위 추계(기본 추계: 출산율-중위 / 기대수명-중위 / 국제순이동-중위)","여자","95 - 99세",-,-,-,-,-,-,-,-,-,-,-,-,-,-,-,-,-,-,-,-,-,-,-,-,-,-,-,-,-,-,-,-,-,-,-,-,-,-,-,-,5792,6268,6612,6979,7413,8105,8506,9174,9633,10622,12251,14049,15652,16689,17537,19133,21534,24744,29728,30579,32281,35223,36739,40044
"중위 추계(기본 추계: 출산율-중위 / 기대수명-중위 / 국제순이동-중위)","여자","100세 이상",-,-,-,-,-,-,-,-,-,-,-,-,-,-,-,-,-,-,-,-,-,-,-,-,-,-,-,-,-,-,-,-,-,-,-,-,-,-,-,-,895,997,1109,1164,1209,1350,1462,1574,1701,1841,1985,2041,2182,2264,2438,2698,3003,3325,3554,3981,4492,5332,5770,6542
